{"cameraMode":{"drawMode":0,"name":"Shaded","section":"Shading Mode"},"sceneLighting":true,"audioPlay":false,"sceneViewState":{"showFog":true,"showMaterialUpdate":false,"showSkybox":true,"showFlares":true,"showImageEffects":true,"showParticleSystems":true},"in2DMode":false,"pivot":{"x":10.40619945526123,"y":7.721878528594971,"z":-4.426172256469727},"rotation":{"x":-0.2332233190536499,"y":0.21521098911762238,"z":-0.053006403148174289,"w":-0.9468371868133545},"size":0.6841689348220825,"orthographic":false}