{"cameraMode":{"drawMode":0,"name":"Shaded","section":"Shading Mode"},"sceneLighting":false,"audioPlay":false,"sceneViewState":{"showFog":true,"showMaterialUpdate":false,"showSkybox":false,"showFlares":true,"showImageEffects":true,"showParticleSystems":true},"in2DMode":false,"pivot":{"x":-7.506898880004883,"y":-0.6658568382263184,"z":-3.3872814178466799},"rotation":{"x":0.1362808644771576,"y":-0.8619852066040039,"z":0.37382858991622927,"w":0.31419089436531069},"size":3.669245958328247,"orthographic":false}