{"cameraMode":{"drawMode":0,"name":"Shaded","section":"Shading Mode"},"sceneLighting":true,"audioPlay":false,"sceneViewState":{"showFog":true,"showMaterialUpdate":false,"showSkybox":true,"showFlares":true,"showImageEffects":true,"showParticleSystems":true},"in2DMode":false,"pivot":{"x":-3.63907527923584,"y":8.457119941711426,"z":-24.132417678833009},"rotation":{"x":0.1362808644771576,"y":-0.8619852066040039,"z":0.37382858991622927,"w":0.31419089436531069},"size":4.11345100402832,"orthographic":false}