{"cameraMode":{"drawMode":0,"name":"Shaded","section":"Shading Mode"},"sceneLighting":true,"audioPlay":false,"sceneViewState":{"showFog":true,"showMaterialUpdate":false,"showSkybox":false,"showFlares":true,"showImageEffects":true,"showParticleSystems":true},"in2DMode":false,"pivot":{"x":5.940000057220459,"y":1.7599999904632569,"z":1.96999990940094},"rotation":{"x":-0.47034603357315066,"y":0.12677721679210664,"z":-0.06848804652690888,"w":-0.8706441521644592},"size":2.615831136703491,"orthographic":false}